id;full_name;email;contact_number;description
1;ابتکار;90@gmail.com;online طعم مشتر;داخلی بینی ریال
2;card ارتباطات سپرده;.@gmail.com;میراث ضد;سالاد
3;زیرساخت;.89@gmail.com;جرسی آینده;JSON پروژه
4;Cambridgeshire;28@hotmail.com;منسجم generate;نفوذ نگرش
5;capacitor طعم بختیاری;.45@hotmail.com;ارغوانی;وام انطباقی سیستم
6;هدف کرمان;_76@yahoo.com;زنجان;پوش خلاقیت صورتحساب
7;generate درهم;49@hotmail.com;سرپرست;بر معمولی وام
8;شده نیلی تازه;.@yahoo.com;از;شده
9;افزایی صورتحساب;66@gmail.com;کرون SAS ویروسی;نیلی Cambridgeshire
10;ادغام;.@hotmail.com;ملی جهانی;نپال کتان
