id;file_name;file_content;file_content_content_type;file_path;description;party_id
1;تجارت لطیف;../fake-data/blob/hipster.png;image/png;neural بختیاری;گذار;1
2;عملیات;../fake-data/blob/hipster.png;image/png;باغ Cambridgeshire;صورتی ماشین بحرین;2
3;SMTP ها bypassing;../fake-data/blob/hipster.png;image/png;الکترونیک عالی جهانی;مجازی;3
4;لطیف پذیر سالاد;../fake-data/blob/hipster.png;image/png;تایوان تونگا;back شده Buckinghamshire;4
5;محیط;../fake-data/blob/hipster.png;image/png;کارگر متصدی;جذاب;5
6;SQL Buckinghamshire درهم;../fake-data/blob/hipster.png;image/png;Avon از calculating;رهنمود;6
7;باور;../fake-data/blob/hipster.png;image/png;پورتوریکو;خارق افزوده;7
8;رئیس نگرش خلاقانه;../fake-data/blob/hipster.png;image/png;سازی;برنامه از یخ;8
9;صنعتی;../fake-data/blob/hipster.png;image/png;خودرو پیتزا پرداخت;فاطمی;9
10;مسکن خدمات جهانی;../fake-data/blob/hipster.png;image/png;navigating;24/365;10
