id;title;expiration_date;description;party_id;food_id
1;generating;2021-07-17T23:22:51;کاربردی compress;1;1
2;ستارخان کرواسی قزوین;2021-07-17T18:26:58;بیرون;2;2
3;ای;2021-07-17T13:56:17;ساده;3;3
4;calculating پرداخت;2021-07-18T01:12:48;پوند متقابل;4;4
5;خاکستری ای متحده;2021-07-17T18:31:28;connect;5;5
6;online طعم;2021-07-18T00:45:03;compressing;6;6
7;نارنجی بایگانی open-source;2021-07-18T08:03:38;خارق تسهیل ساز;7;7
8;یزد;2021-07-17T10:05:50;bypassing آذربایجان;8;8
9;جامع صابون پهنای;2021-07-18T00:54:04;SDD کاربردی;9;9
10;آوری خلاقانه;2021-07-18T02:07:12;Buckinghamshire;10;10
