id;title;partner_code;trade_title;economic_code;activity_date
1;Borders;driver port کارگاه;گذار Berkshire ماوس;محدودیت parse;2021-07-18
2;SMS کردن مسکن;نیکاراگوئه العاده;استفاده مفهوم;آزادی;2021-07-18
3;قطر Berkshire;تحریک آلبانی استقرار;کرمان بایگانی;feed TCP اندرزگو;2021-07-17
4;زده programming;وب system;بر عمل;سلامتی;2021-07-18
5;سیاه حساب کفش;quantify;کارفرما;امنیت;2021-07-18
6;پس پویا SCSI;programming;براق متن;Borders;2021-07-18
7;ابزار معیار;کرون بحرانی آرژانتین;index تازه;طلایی ناحیه;2021-07-17
8;حوله حقانی;عالی ریال کردن;عالی;فلزی ساز generating;2021-07-17
9;کارپرداز عراق واکنش;تجارت interface Berkshire;مهار پیشرفته;رامین العاده;2021-07-18
10;افقی پهنای;طعم الکترونیک;بازارها حوله فیلیپین;فلزی سودان;2021-07-18
